balls_left,wickets_0,wickets_1,wickets_2,wickets_3,wickets_4,wickets_5,wickets_6,wickets_7,wickets_8,wickets_9,wickets_10
0,0.0,0.0,0.0,0.0,0.0,0.0,0.0,0.0,0.0,0.0,0.0
1,0.36078389339329475,0.3490406777578543,0.3034477629246255,0.17160528556216795,0.12437773265833627,0.05742340818837249,0.03467477256096407,0.0,0.0,0.0,0.0
2,0.36078389339329475,0.3490406777578543,0.3034477629246255,0.17160528556216795,0.12437773265833627,0.05742340818837249,0.03467477256096407,0.0,0.0,0.0,0.0
3,0.36746142990993247,0.35653597452142805,0.3133212222182265,0.1814787448557699,0.13425119195193813,0.0672968674819742,0.04454823185456579,0.005245813206960736,0.0,0.0,0.0
4,0.36746142990993247,0.35653597452142805,0.3133212222182265,0.1814787448557699,0.13425119195193813,0.0672968674819742,0.04454823185456579,0.005245813206960736,0.0,0.0,0.0
5,0.37551693545524145,0.36463587706257494,0.32173277811269335,0.18989030075023697,0.14266274784640484,0.07570842337644114,0.052959787749032636,0.013657369101427773,0.0018679750838159885,0.0,0.0
6,0.37551693545524145,0.36463587706257494,0.32173277811269335,0.18989030075023697,0.14266274784640484,0.07570842337644114,0.052959787749032636,0.013657369101427773,0.0018679750838159885,0.0,0.0
7,0.3781481128819918,0.36728698152221295,0.32479771624363973,0.19620572780739085,0.15025527913997144,0.08330095467000774,0.060552319042599244,0.021249900394994296,0.009460506377382468,0.0,0.0
8,0.3781481128819918,0.36728698152221295,0.32479771624363973,0.19620572780739085,0.15025527913997144,0.08330095467000774,0.060552319042599244,0.021249900394994296,0.009460506377382468,0.0,0.0
9,0.38223534115379,0.3713855369566932,0.32999883483294146,0.20140684639669257,0.1554563977292734,0.0903700750792423,0.06762143945183381,0.028319020804228805,0.016529626786616985,0.0,0.0
10,0.38223534115379,0.3713855369566932,0.32999883483294146,0.20140684639669257,0.1554563977292734,0.0903700750792423,0.06762143945183381,0.028319020804228805,0.016529626786616985,0.0,0.0
11,0.3831485749884433,0.37230897819419756,0.3315078076399822,0.2029158192037331,0.15696537053631393,0.0940341942999107,0.0712855586725022,0.03613373574755924,0.024344341729947434,0.0,0.0
12,0.3831485749884433,0.37230897819419756,0.3315078076399822,0.2029158192037331,0.15696537053631393,0.0940341942999107,0.0712855586725022,0.03613373574755924,0.024344341729947434,0.0,0.0
13,0.38877138944907763,0.3779425594813968,0.3371413889271815,0.20854940049093237,0.16259895182351328,0.0996677755871099,0.07759756308363884,0.04404655309758136,0.03341171788441283,0.001124149867615041,0.0
14,0.38877138944907763,0.3779425594813968,0.3371413889271815,0.20854940049093237,0.16259895182351328,0.0996677755871099,0.07759756308363884,0.04404655309758136,0.03341171788441283,0.001124149867615041,0.0
15,0.3932595902250043,0.38243855404708976,0.34252467520822943,0.2139326867719802,0.1694068461224631,0.10647566988605968,0.0851800289311382,0.051254622318098325,0.04039149290684208,0.0072700838673996895,0.0
16,0.3932595902250043,0.38243855404708976,0.34252467520822943,0.2139326867719802,0.1694068461224631,0.10647566988605968,0.0851800289311382,0.051254622318098325,0.04039149290684208,0.0072700838673996895,0.0
17,0.3968102965050306,0.38599646517233793,0.34608258633347755,0.22182434222554256,0.1772985015760255,0.11436732533962204,0.09396453032667881,0.05961018998014758,0.04710019685403343,0.01274989834023685,0.0
18,0.3968102965050306,0.38599646517233793,0.34608258633347755,0.22182434222554256,0.1772985015760255,0.11436732533962204,0.09396453032667881,0.05961018998014758,0.04710019685403343,0.01274989834023685,0.0
19,0.39805438207392857,0.38725006505007337,0.3481972410146647,0.22393899690672975,0.1794131562572127,0.11902725253245887,0.09978027803803592,0.06795612106364979,0.05199984478846727,0.015886570239409526,0.0
20,0.39805438207392857,0.38725006505007337,0.3481972410146647,0.22393899690672975,0.1794131562572127,0.11902725253245887,0.09978027803803592,0.06795612106364979,0.05199984478846727,0.015886570239409526,0.0
21,0.3996177609057337,0.38882075942802913,0.3497679353926204,0.22550969128468548,0.18210118524604263,0.12428523525635649,0.10714482222711125,0.07511445632527712,0.0545284016026533,0.018415127053595565,0.0
22,0.3996177609057337,0.38882075942802913,0.3497679353926204,0.22550969128468548,0.18210118524604263,0.12428523525635649,0.10714482222711125,0.07511445632527712,0.0545284016026533,0.018415127053595565,0.0
23,0.4028836256500286,0.3920957150216634,0.35355085965821376,0.22929261555027894,0.18588410951163606,0.12806815952195003,0.11092774649270476,0.0839527335598544,0.06151075490003871,0.023151059006662273,0.0
24,0.4028836256500286,0.3920957150216634,0.35355085965821376,0.22929261555027894,0.18588410951163606,0.12806815952195003,0.11092774649270476,0.0839527335598544,0.06151075490003871,0.023151059006662273,0.0
25,0.4074621598225336,0.3966851141524335,0.35899740267298136,0.2347391585650465,0.1913306525264036,0.13351470253671743,0.11637428950747228,0.09334968830419124,0.06821247182711247,0.02840495786645704,0.0
26,0.4074621598225336,0.3966851141524335,0.35899740267298136,0.2347391585650465,0.1913306525264036,0.13351470253671743,0.11637428950747228,0.09334968830419124,0.06821247182711247,0.02840495786645704,0.0
27,0.410850275926874,0.4004043962191825,0.3627166847397304,0.24186476670309046,0.19845626066444758,0.14064031067476146,0.12349989764551626,0.10353876146909731,0.0719414920835685,0.030922637062290568,0.0
28,0.410850275926874,0.4004043962191825,0.3627166847397304,0.24186476670309046,0.19845626066444758,0.14064031067476146,0.12349989764551626,0.10353876146909731,0.0719414920835685,0.030922637062290568,0.0
29,0.415869644242148,0.4057935481848331,0.36835912206001586,0.24750720402337548,0.20576102671977795,0.14794507673009183,0.13080466370084667,0.11142522605343903,0.07630027262664633,0.03464596433600154,0.0
30,0.415869644242148,0.4057935481848331,0.36835912206001586,0.24750720402337548,0.20576102671977795,0.14794507673009183,0.13080466370084667,0.11142522605343903,0.07630027262664633,0.03464596433600154,0.0
31,0.4198234206033863,0.4100496082131972,0.3731178501012908,0.25226593206465076,0.21051975476105325,0.15675765823918636,0.14026328020503193,0.11968618301202091,0.07854736888079276,0.03647104046864391,0.0
32,0.4198234206033863,0.4100496082131972,0.3731178501012908,0.25226593206465076,0.21051975476105325,0.15675765823918636,0.14026328020503193,0.11968618301202091,0.07854736888079276,0.03647104046864391,0.0
33,0.423852772154928,0.41470644396532264,0.3788359843904465,0.2579840663538067,0.21623788905020921,0.16247579252834232,0.14677521247325068,0.12804470104398002,0.08473463609211927,0.04018814602198064,0.0
34,0.423852772154928,0.41470644396532264,0.3788359843904465,0.2579840663538067,0.21623788905020921,0.16247579252834232,0.14677521247325068,0.12804470104398002,0.08473463609211927,0.04018814602198064,0.0
35,0.42593708404312236,0.41776448323044996,0.3823998594000168,0.26368714109810976,0.22194096379451225,0.1691251755585677,0.15342459550347626,0.12968310057557955,0.09019804466332765,0.045093945000576056,0.0
36,0.42593708404312236,0.41776448323044996,0.3823998594000168,0.26368714109810976,0.22194096379451225,0.1691251755585677,0.15342459550347626,0.12968310057557955,0.09019804466332765,0.045093945000576056,0.0
37,0.42835662291846,0.42037535453152186,0.3851156178775651,0.26938689995194764,0.22764072264835003,0.17482493441240546,0.16065913155185316,0.13335975696745853,0.09423685463162894,0.04901946944657615,0.0
38,0.42835662291846,0.42037535453152186,0.3851156178775651,0.26938689995194764,0.22764072264835003,0.17482493441240546,0.16065913155185316,0.13335975696745853,0.09423685463162894,0.04901946944657615,0.0
39,0.43197359696877924,0.42459123181418656,0.38997415686016806,0.2742454389345505,0.2324992616309528,0.18088236569014182,0.1693121105533967,0.13612467283071505,0.0965325460772457,0.051018350708186756,0.0
40,0.43197359696877924,0.42459123181418656,0.38997415686016806,0.2742454389345505,0.2324992616309528,0.18088236569014182,0.1693121105533967,0.13612467283071505,0.0965325460772457,0.051018350708186756,0.0
41,0.4323929901202795,0.4250106249656868,0.3924549363662215,0.27672621844060397,0.23674830037763894,0.1908707783011441,0.18242982034676783,0.1385221922306132,0.09721136016355147,0.05233694595072759,0.0
42,0.4323929901202795,0.4250106249656868,0.3924549363662215,0.27672621844060397,0.23674830037763894,0.1908707783011441,0.18242982034676783,0.1385221922306132,0.09721136016355147,0.05233694595072759,0.0
43,0.4379075745642485,0.43080044880953505,0.39824476021006966,0.2825160422844522,0.24334330938019721,0.19724847773118112,0.18821964419061626,0.14448334542624802,0.09739734896023172,0.05239308904913728,0.0
44,0.4379075745642485,0.43080044880953505,0.39824476021006966,0.2825160422844522,0.24334330938019721,0.19724847773118112,0.18821964419061626,0.14448334542624802,0.09739734896023172,0.05239308904913728,0.0
45,0.441279810429242,0.43427946889623625,0.40300560997616064,0.2885713659056626,0.25021940670687987,0.20412457505786383,0.19459967928749075,0.14528652346919674,0.09809743882489606,0.05309317891380162,0.0
46,0.441279810429242,0.43427946889623625,0.40300560997616064,0.2885713659056626,0.25021940670687987,0.20412457505786383,0.19459967928749075,0.14528652346919674,0.09809743882489606,0.05309317891380162,0.0
47,0.4459025794190082,0.4389045925403446,0.407630733620269,0.29319648954977107,0.2548445303509883,0.21136390590338236,0.20449139470758176,0.1460777408301147,0.10203018655009721,0.05702592663900275,0.0
48,0.4459025794190082,0.4389045925403446,0.407630733620269,0.29319648954977107,0.2548445303509883,0.21136390590338236,0.20449139470758176,0.1460777408301147,0.10203018655009721,0.05702592663900275,0.0
49,0.4475094135499808,0.440514275842274,0.40972366009138683,0.2952894160208888,0.25693745682210606,0.21699890236606903,0.2091529731447864,0.14664951682807392,0.10580352290857764,0.060799262997483186,0.0
50,0.4475094135499808,0.440514275842274,0.40972366009138683,0.2952894160208888,0.25693745682210606,0.21699890236606903,0.2091529731447864,0.14664951682807392,0.10580352290857764,0.060799262997483186,0.0
51,0.45160257718710084,0.44477785818464655,0.41469472810151925,0.30026048403102135,0.26402605486990105,0.22294504807788865,0.21408236300946887,0.1477416012427632,0.10632504709941577,0.06132078718832133,0.0
52,0.45160257718710084,0.44477785818464655,0.41469472810151925,0.30026048403102135,0.26402605486990105,0.22294504807788865,0.21408236300946887,0.1477416012427632,0.10632504709941577,0.06132078718832133,0.0
53,0.4552029902649702,0.44837827126251595,0.4189615139852394,0.30496932960652134,0.2696274892202288,0.23170428770865728,0.2171134534897538,0.1480582615737387,0.10664170743039142,0.06163744751929696,0.0
54,0.4552029902649702,0.44837827126251595,0.4189615139852394,0.30496932960652134,0.2696274892202288,0.23170428770865728,0.2171134534897538,0.1480582615737387,0.10664170743039142,0.06163744751929696,0.0
55,0.4557228762582456,0.4491980298565982,0.4197812725793216,0.3097303060074006,0.2743884656211082,0.24318265162181507,0.22507693025336817,0.14854275701657255,0.10712620287322519,0.06182207036132389,0.0
56,0.4557228762582456,0.4491980298565982,0.4197812725793216,0.3097303060074006,0.2743884656211082,0.24318265162181507,0.22507693025336817,0.14854275701657255,0.10712620287322519,0.06182207036132389,0.0
57,0.4599355085736696,0.4535204627582065,0.4241037054809299,0.3140527389090089,0.2787108985227166,0.25609936808491507,0.23145911991294146,0.14903756502890397,0.10830518068068135,0.06289124758259577,0.0
58,0.4599355085736696,0.4535204627582065,0.4241037054809299,0.3140527389090089,0.2787108985227166,0.25609936808491507,0.23145911991294146,0.14903756502890397,0.10830518068068135,0.06289124758259577,0.0
59,0.46349989747327464,0.45711182245485643,0.42835292305115535,0.31830195647923437,0.2829601160929419,0.2655363260728461,0.2346575284482635,0.14945498507015223,0.1114714316346489,0.06603052773951854,0.0
60,0.46349989747327464,0.45711182245485643,0.42835292305115535,0.31830195647923437,0.2829601160929419,0.2655363260728461,0.2346575284482635,0.14945498507015223,0.1114714316346489,0.06603052773951854,0.0
61,0.46779704115947585,0.46140896614105764,0.43492619386196396,0.3257270975899169,0.2903852572036245,0.26938329043712234,0.23561537981150557,0.15037934887047852,0.11578336901611866,0.07034246512098818,0.0
62,0.46779704115947585,0.46140896614105764,0.43492619386196396,0.3257270975899169,0.2903852572036245,0.26938329043712234,0.23561537981150557,0.15037934887047852,0.11578336901611866,0.07034246512098818,0.0
63,0.4699876460629302,0.463599571044512,0.4373563213618579,0.3284907379094406,0.2947319446374334,0.2743849902410114,0.23655505047317957,0.15149717706795318,0.11851696373331926,0.07307605983818888,0.0
64,0.4699876460629302,0.463599571044512,0.4373563213618579,0.3284907379094406,0.2947319446374334,0.2743849902410114,0.23655505047317957,0.15149717706795318,0.11851696373331926,0.07307605983818888,0.0
65,0.4756866357368597,0.46941028772274945,0.44121857697953826,0.33612422005569687,0.3046317487592887,0.2797938650058037,0.23774229992521123,0.15708741384913258,0.1250676813164246,0.07962677742129415,0.0
66,0.4756866357368597,0.46941028772274945,0.44121857697953826,0.33612422005569687,0.3046317487592887,0.2797938650058037,0.23774229992521123,0.15708741384913258,0.1250676813164246,0.07962677742129415,0.0
67,0.48048191913819427,0.474205571124084,0.44381366789829685,0.34389716453685015,0.31173297019494944,0.283679310590613,0.23774229992521123,0.16233487201130375,0.12859644722271005,0.0831555433275796,0.0
68,0.48048191913819427,0.474205571124084,0.44381366789829685,0.34389716453685015,0.31173297019494944,0.283679310590613,0.23774229992521123,0.16233487201130375,0.12859644722271005,0.0831555433275796,0.0
69,0.48076631335677644,0.47448996534266624,0.4440980621168791,0.3501770992161667,0.3209152595631663,0.2861498122070734,0.2380266941437933,0.16261926622988584,0.12888084144129208,0.08343993754616165,0.0
70,0.48076631335677644,0.47448996534266624,0.4440980621168791,0.3501770992161667,0.3209152595631663,0.2861498122070734,0.2380266941437933,0.16261926622988584,0.12888084144129208,0.08343993754616165,0.0
71,0.48770836880304286,0.4817740133772939,0.4492187512803053,0.3576230434314009,0.3283612037784005,0.2898017569515604,0.24115117077063603,0.1671124085179831,0.1333739837293894,0.08793307983425902,0.0
72,0.48770836880304286,0.4817740133772939,0.4492187512803053,0.3576230434314009,0.3283612037784005,0.2898017569515604,0.24115117077063603,0.1671124085179831,0.1333739837293894,0.08793307983425902,0.0
73,0.49296371303114234,0.4870293576053934,0.45232573294362793,0.3680954530413564,0.337464607668295,0.29194897305233564,0.24215223455547383,0.17100057241629663,0.13726214762770295,0.09182124373257256,0.0
74,0.49296371303114234,0.4870293576053934,0.45232573294362793,0.3680954530413564,0.337464607668295,0.29194897305233564,0.24215223455547383,0.17100057241629663,0.13726214762770295,0.09182124373257256,0.0
75,0.4957668701397433,0.48983251471399436,0.4546002808210178,0.3710309737567279,0.3433694895915405,0.2960870064518202,0.24241446060110533,0.17126279846192813,0.1375243736733345,0.09208346977820413,0.0
76,0.4957668701397433,0.48983251471399436,0.4546002808210178,0.3710309737567279,0.3433694895915405,0.2960870064518202,0.24241446060110533,0.17126279846192813,0.1375243736733345,0.09208346977820413,0.0
77,0.5018781514771542,0.49594379605140526,0.45969699888955856,0.37612769182526873,0.3484377222929231,0.29814888263479267,0.24296223906523487,0.17389931280437107,0.14016088801577742,0.09471998412064711,0.0
78,0.5018781514771542,0.49594379605140526,0.45969699888955856,0.37612769182526873,0.3484377222929231,0.29814888263479267,0.24296223906523487,0.17389931280437107,0.14016088801577742,0.09471998412064711,0.0
79,0.5056594028516436,0.4997250474258946,0.4627013383535409,0.38637842927403593,0.35470378159236465,0.302600764564954,0.24464591685971665,0.18137049224737128,0.14763206745877752,0.10219116356364728,0.0
80,0.5056594028516436,0.4997250474258946,0.4627013383535409,0.38637842927403593,0.35470378159236465,0.302600764564954,0.24464591685971665,0.18137049224737128,0.14763206745877752,0.10219116356364728,0.0
81,0.5146149333495872,0.5045609133246359,0.4636069075407874,0.3956597230474661,0.36092574795549826,0.3096427430578183,0.2458812604049494,0.18636835746420619,0.15262993267561237,0.10718902878048214,0.0
82,0.5146149333495872,0.5045609133246359,0.4636069075407874,0.3956597230474661,0.36092574795549826,0.3096427430578183,0.2458812604049494,0.18636835746420619,0.15262993267561237,0.10718902878048214,0.0
83,0.5202512491933559,0.5091827841034217,0.469116166861651,0.4052875198437319,0.3674981482602222,0.31561195712995016,0.2458812604049494,0.1879933424302537,0.15425491764165988,0.10881401374652971,0.0
84,0.5202512491933559,0.5091827841034217,0.469116166861651,0.4052875198437319,0.3674981482602222,0.31561195712995016,0.2458812604049494,0.1879933424302537,0.15425491764165988,0.10881401374652971,0.0
85,0.5300229180525323,0.5149242472960186,0.47286450469088775,0.4119493437356153,0.37156340596039267,0.31999008824806535,0.24966154384614658,0.18810497111223096,0.15436654632363714,0.10892564242850693,0.0
86,0.5300229180525323,0.5149242472960186,0.47286450469088775,0.4119493437356153,0.37156340596039267,0.31999008824806535,0.24966154384614658,0.18810497111223096,0.15436654632363714,0.10892564242850693,0.0
87,0.5340925494367711,0.5189938786802574,0.47840291717812305,0.4191220436442183,0.3765714566911937,0.3204950584765098,0.24978864748344182,0.19068995141304756,0.15695152662445375,0.11151062272932348,0.0
88,0.5340925494367711,0.5189938786802574,0.47840291717812305,0.4191220436442183,0.3765714566911937,0.3204950584765098,0.24978864748344182,0.19068995141304756,0.15695152662445375,0.11151062272932348,0.0
89,0.5448217587494354,0.5263460383285703,0.48622727503461416,0.4251050936394468,0.3810245711984442,0.32064432627500833,0.24993791528194043,0.19269644411984033,0.15947460636391236,0.11403370246878211,0.0
90,0.5448217587494354,0.5263460383285703,0.48622727503461416,0.4251050936394468,0.3810245711984442,0.32064432627500833,0.24993791528194043,0.19269644411984033,0.15947460636391236,0.11403370246878211,0.0
91,0.5545755913744003,0.5333018151471889,0.4942238750303437,0.43161602531948545,0.3852597942081299,0.32064432627500833,0.2501173837815319,0.19448206550428032,0.16126022774835236,0.11581932385322209,0.0
92,0.5545755913744003,0.5333018151471889,0.4942238750303437,0.43161602531948545,0.3852597942081299,0.32064432627500833,0.2501173837815319,0.19448206550428032,0.16126022774835236,0.11581932385322209,0.0
93,0.5576447497740712,0.5364147430115863,0.498966641452293,0.43627907968026075,0.38935748732475745,0.3213977270010623,0.25036108522558037,0.1953290972108623,0.16243763035859002,0.11695295699873293,0.0
94,0.5576447497740712,0.5364147430115863,0.498966641452293,0.43627907968026075,0.38935748732475745,0.3213977270010623,0.25036108522558037,0.1953290972108623,0.16243763035859002,0.11695295699873293,0.0
95,0.5594174026818408,0.538187395919356,0.5031394422673726,0.4383655898750381,0.3981983762403406,0.32234657189760385,0.2511956256284844,0.19819971178236717,0.16530824493009488,0.11982357157023785,0.0
96,0.5594174026818408,0.538187395919356,0.5031394422673726,0.4383655898750381,0.3981983762403406,0.32234657189760385,0.2511956256284844,0.19819971178236717,0.16530824493009488,0.11982357157023785,0.0
97,0.5608461767266897,0.5396161699642049,0.5072786497302146,0.4457956362822401,0.4039440514274624,0.32234657189760385,0.25191236724995186,0.20048975075578612,0.16759828390351383,0.12211361054365681,0.0
98,0.5608461767266897,0.5396161699642049,0.5072786497302146,0.4457956362822401,0.4039440514274624,0.32234657189760385,0.25191236724995186,0.20048975075578612,0.16759828390351383,0.12211361054365681,0.0
99,0.5615412211409986,0.5403112143785138,0.5079736941445235,0.45869681704896925,0.4122876993586279,0.32234657189760385,0.25191236724995186,0.20048975075578612,0.16759828390351383,0.12211361054365681,0.0
100,0.5615412211409986,0.5403112143785138,0.5079736941445235,0.45869681704896925,0.4122876993586279,0.32234657189760385,0.25191236724995186,0.20048975075578612,0.16759828390351383,0.12211361054365681,0.0
101,0.5644128802539919,0.5431828734915072,0.511004415042368,0.4684064889282995,0.4158491201677647,0.32234657189760385,0.25191236724995186,0.20048975075578612,0.16759828390351383,0.12211361054365681,0.0
102,0.5644128802539919,0.5431828734915072,0.511004415042368,0.4684064889282995,0.4158491201677647,0.32234657189760385,0.25191236724995186,0.20048975075578612,0.16759828390351383,0.12211361054365681,0.0
103,0.5664254122150357,0.545195405452551,0.5118186506263325,0.47239422989562424,0.41848026381794584,0.32234657189760385,0.25191236724995186,0.20048975075578612,0.16759828390351383,0.12211361054365681,0.0
104,0.5664254122150357,0.545195405452551,0.5118186506263325,0.47239422989562424,0.41848026381794584,0.32234657189760385,0.25191236724995186,0.20048975075578612,0.16759828390351383,0.12211361054365681,0.0
105,0.5681172370117576,0.5468872302492729,0.5146036263317202,0.4792830531863027,0.4220801962697948,0.32234657189760385,0.25191236724995186,0.20048975075578612,0.16759828390351383,0.12211361054365681,0.0
106,0.5689234945046955,0.5476934877422107,0.515409883824658,0.4800893106792405,0.4220801962697948,0.32234657189760385,0.25191236724995186,0.20048975075578612,0.16759828390351383,0.12211361054365681,0.0
107,0.5709387761187141,0.5497087693562294,0.5189421614431553,0.48362158829773777,0.4238572557727733,0.32234657189760385,0.25191236724995186,0.20048975075578612,0.16759828390351383,0.12211361054365681,0.0
108,0.5709387761187141,0.5497087693562294,0.5221009193672262,0.48587602550957826,0.4238572557727733,0.32234657189760385,0.2524022304643486,0.20255052428643042,0.16965905743415813,0.12417438407430112,0.0
109,0.5709387761187141,0.5497087693562294,0.5223630238786386,0.4912901827176676,0.42550571197431714,0.32234657189760385,0.2524022304643486,0.20255052428643042,0.16965905743415813,0.12417438407430112,0.0
110,0.5727731698364242,0.5515431630739394,0.5241974175963487,0.4920089007066427,0.42550571197431714,0.32234657189760385,0.25388721885994353,0.20255052428643042,0.16965905743415813,0.12417438407430112,0.0
111,0.5772643773418074,0.5560343705793226,0.528277549460622,0.4937165156192766,0.42550571197431714,0.32234657189760385,0.2636808567659972,0.20255052428643042,0.16965905743415813,0.12417438407430112,0.0
112,0.5799956378579701,0.5587656310954854,0.5301540455822785,0.494738247346427,0.42550571197431714,0.32234657189760385,0.2636808567659972,0.20255052428643042,0.16965905743415813,0.12417438407430112,0.0
113,0.5834714381709127,0.5622414314084279,0.533936224489587,0.49742517902960576,0.4258128991946837,0.3226537591179704,0.2638821335416677,0.20342395491430731,0.17053248806203505,0.12504781470217805,0.0
114,0.5871712137137899,0.5659412069513051,0.5364099179907155,0.4991836665843771,0.42747760580648875,0.3226610786648657,0.26754919278041134,0.20342395491430731,0.17053248806203505,0.12504781470217805,0.0
115,0.5917781003983262,0.5705480936358415,0.5407665367650837,0.5021758590517165,0.42837058900308805,0.32355406186146507,0.26754919278041134,0.20342395491430731,0.17053248806203505,0.12504781470217805,0.0
116,0.6018439437507708,0.5764878587219647,0.5452045146421444,0.5042610238763843,0.4296513341338457,0.3249321976169112,0.27171453246834515,0.20758929460224104,0.17469782774996875,0.12921315439011175,0.0
117,0.6060079703133794,0.5783800663310965,0.548946160632684,0.5067957770423769,0.4306462475821515,0.32637944301361316,0.2743278394995998,0.21020260163349574,0.17731113478122346,0.13182646142136642,0.0
118,0.6112973948061863,0.5836694908239037,0.5558116135498614,0.5119417977220264,0.4306965360868073,0.32642973151826904,0.2743278394995998,0.21020260163349574,0.17731113478122346,0.13182646142136642,0.0
119,0.6198109168740857,0.5889475647424156,0.5590276856297363,0.5119417977220264,0.4306965360868073,0.32642973151826904,0.2743278394995998,0.21020260163349574,0.17731113478122346,0.13182646142136642,0.0
120,0.628803530946655,0.5958652202567096,0.5628129429478794,0.5119417977220264,0.4324779150777847,0.3290644574137271,0.2743278394995998,0.21020260163349574,0.17731113478122346,0.13182646142136642,0.0
121,0.6384644670389937,0.6020976536994083,0.5672132704842778,0.5130392390980015,0.434850904010571,0.3307547990992281,0.2764518324721516,0.21306991491276742,0.18017844806049513,0.13469377470063806,0.0
122,0.6430298294374824,0.6066630160978971,0.5726846104040983,0.5162873772999198,0.43803214675152913,0.33316350487160834,0.2764518324721516,0.21306991491276742,0.18017844806049513,0.13469377470063806,0.0
123,0.6480899168835818,0.6108982942071122,0.5747839479067969,0.5162873772999198,0.4430829236381676,0.3381590203179847,0.2764518324721516,0.21306991491276742,0.18017844806049513,0.13469377470063806,0.0
124,0.6524777056252576,0.6138357545031736,0.5784610221760965,0.5182707847064448,0.4439439557234252,0.34005333694697054,0.2788707549476797,0.21626326350451924,0.18337179665224695,0.1378871232923899,0.0
125,0.663410537414218,0.62302092431273,0.5844610917636195,0.5223085596465137,0.44535200827625476,0.3423343328968787,0.2827044398750571,0.2200969484318966,0.18720548157962427,0.14172080821976724,0.0
126,0.663410537414218,0.62302092431273,0.5850079947380481,0.5245993186994504,0.44568055832828257,0.3423343328968787,0.2827044398750571,0.2200969484318966,0.18720548157962427,0.14172080821976724,0.0
127,0.663410537414218,0.62302092431273,0.5850079947380481,0.5268393748400773,0.44568055832828257,0.3423343328968787,0.2827044398750571,0.2200969484318966,0.18720548157962427,0.14172080821976724,0.0
128,0.663410537414218,0.62302092431273,0.5850079947380481,0.5289337780619633,0.44568055832828257,0.3423343328968787,0.2827044398750571,0.2200969484318966,0.18720548157962427,0.14172080821976724,0.0
129,0.6691895795090046,0.6268912801410688,0.5875250596038096,0.5376597147993214,0.44681210104161084,0.3449159615671093,0.28698656971747416,0.22437907827431358,0.19148761142204127,0.14600293806218423,0.0
130,0.6691895795090046,0.6268912801410688,0.5875250596038096,0.5376597147993214,0.44681210104161084,0.3449159615671093,0.28698656971747416,0.22437907827431358,0.19148761142204127,0.14600293806218423,0.0
131,0.6691895795090046,0.6268912801410688,0.5883532496738685,0.5376892750025851,0.44684166124487457,0.3449159615671093,0.28698656971747416,0.22437907827431358,0.19148761142204127,0.14600293806218423,0.0
132,0.6757518586058279,0.6334535592378919,0.5919174612110566,0.5449429542766724,0.44684166124487457,0.3449159615671093,0.28698656971747416,0.22437907827431358,0.19148761142204127,0.14600293806218423,0.0
133,0.6757518586058279,0.6334535592378919,0.5933908107804928,0.5461591670694705,0.44706367029888006,0.34534065873599135,0.28698656971747416,0.22437907827431358,0.19148761142204127,0.14600293806218423,0.0
134,0.6822995607648188,0.6378564920578275,0.5962777564926938,0.5491275692743174,0.44893436623335764,0.34883573379007243,0.29195188501205427,0.2293443935688938,0.1964529267166214,0.15096825335676434,0.0
135,0.6891951732090257,0.6447521045020342,0.6002293669244843,0.5496130651644885,0.4491655577523486,0.34883573379007243,0.29195188501205427,0.2293443935688938,0.1964529267166214,0.15096825335676434,0.0
136,0.6891951732090257,0.6447521045020342,0.6017710036022446,0.5496130651644885,0.4491655577523486,0.351567128551608,0.29195188501205427,0.2293443935688938,0.1964529267166214,0.15096825335676434,0.0
137,0.6954813051420898,0.651038236435098,0.6063740975581196,0.5496130651644885,0.4491655577523486,0.351567128551608,0.29195188501205427,0.2293443935688938,0.1964529267166214,0.15096825335676434,0.0
138,0.7015742110612456,0.6560602211183515,0.6094458180958774,0.551918874494865,0.4505943317971975,0.3558790516381124,0.2976799716853862,0.23507248024222566,0.20218101338995323,0.1566963400300962,0.0
139,0.7015742110612456,0.6560602211183515,0.6094458180958774,0.551918874494865,0.4505943317971975,0.3558790516381124,0.2976799716853862,0.23507248024222566,0.20218101338995323,0.1566963400300962,0.0
140,0.7044610010032963,0.6583827401235257,0.6109326057561536,0.553893990637841,0.4505943317971975,0.3558790516381124,0.2976799716853862,0.23507248024222566,0.20218101338995323,0.1566963400300962,0.0
141,0.7109249150679232,0.6638588360452075,0.6142809128674409,0.5564755655337495,0.4520802633211441,0.36069822938105994,0.3039611866106669,0.2413536951675068,0.20846222831523442,0.16297755495537733,0.0
142,0.7109249150679232,0.6638588360452075,0.6159204461354733,0.5564755655337495,0.4520802633211441,0.36069822938105994,0.3039611866106669,0.2413536951675068,0.20846222831523442,0.16297755495537733,0.0
143,0.7109249150679232,0.6638588360452075,0.6195156677818318,0.5564755655337495,0.4520802633211441,0.36069822938105994,0.3039611866106669,0.2413536951675068,0.20846222831523442,0.16297755495537733,0.0
144,0.7189574146343306,0.6704737375490447,0.6234250447959111,0.5585693126735364,0.45377208811786607,0.36820695558791644,0.3114699128175234,0.24886242137436332,0.21597095452209095,0.17048628116223388,0.0
145,0.7189574146343306,0.6704737375490447,0.6234250447959111,0.5585693126735364,0.45377208811786607,0.36820695558791644,0.3114699128175234,0.24886242137436332,0.21597095452209095,0.17048628116223388,0.0
146,0.728768971973616,0.6790213371274932,0.629404258216857,0.5604631261751061,0.4552570139120021,0.37494722561015187,0.3182101828397589,0.2556026913965987,0.22271122454432646,0.17722655118446934,0.0
147,0.728768971973616,0.6790213371274932,0.629404258216857,0.5604631261751061,0.456645694098622,0.37494722561015187,0.3182101828397589,0.2556026913965987,0.22271122454432646,0.17722655118446934,0.0
148,0.7297220255205439,0.6818585661200263,0.631455531369183,0.5604631261751061,0.456645694098622,0.37494722561015187,0.3182101828397589,0.2556026913965987,0.22271122454432646,0.17722655118446934,0.0
149,0.7317687412257452,0.6839052818252275,0.633256522522451,0.5604631261751061,0.456645694098622,0.37494722561015187,0.3182101828397589,0.2556026913965987,0.22271122454432646,0.17722655118446934,0.0
150,0.736315826624614,0.6883840781292266,0.6384588247348452,0.5616951721755524,0.4582768977578462,0.37919381024382126,0.3224567674734282,0.25984927603026803,0.22695780917799588,0.18147313581813873,0.0
151,0.7371406359614981,0.6900336968029948,0.6384588247348452,0.5616951721755524,0.4582768977578462,0.37919381024382126,0.3224567674734282,0.25984927603026803,0.22695780917799588,0.18147313581813873,0.0
152,0.7371406359614981,0.6900336968029948,0.6384588247348452,0.5616951721755524,0.4582768977578462,0.37919381024382126,0.3224567674734282,0.25984927603026803,0.22695780917799588,0.18147313581813873,0.0
153,0.7406323011766166,0.6929079605617263,0.6403293819568823,0.5626545783416449,0.459083155250784,0.38247916496318385,0.3257421221927908,0.2631346307496306,0.2302431638973584,0.18475849053750135,0.0
154,0.7445604920628749,0.6959100752678368,0.6407588941156556,0.5626545783416449,0.459083155250784,0.38247916496318385,0.3257421221927908,0.2631346307496306,0.2302431638973584,0.18475849053750135,0.0
155,0.7469958174996455,0.6988258652358086,0.6431025762713621,0.5633481337012117,0.4596141768226093,0.38473721980395786,0.3280001770335648,0.2653926855904047,0.23250121873813245,0.18701654537827536,0.0
156,0.7469958174996455,0.6995073256256102,0.6437394794218666,0.5633481337012117,0.4596141768226093,0.38473721980395786,0.3280001770335648,0.2653926855904047,0.23250121873813245,0.18701654537827536,0.0
157,0.753935896222658,0.7056604083258033,0.6462728522679886,0.5640846931040795,0.4596141768226093,0.38473721980395786,0.3280001770335648,0.2653926855904047,0.23250121873813245,0.18701654537827536,0.0
158,0.7575445946652811,0.7092691067684264,0.6494907703929551,0.5668682856968288,0.4596141768226093,0.38473721980395786,0.3280001770335648,0.2653926855904047,0.23250121873813245,0.18701654537827536,0.0
159,0.7621729753566079,0.7138974874597531,0.6502813030561744,0.5691071071748657,0.4596141768226093,0.38473721980395786,0.3280001770335648,0.2653926855904047,0.23250121873813245,0.18701654537827536,0.0
160,0.7672180002479517,0.718942512351097,0.6517135853396944,0.5744680984922178,0.4596141768226093,0.38473721980395786,0.3280001770335648,0.2653926855904047,0.23250121873813245,0.18701654537827536,0.0
161,0.7672180002479517,0.718942512351097,0.6517135853396944,0.5744680984922178,0.4596141768226093,0.38473721980395786,0.3280001770335648,0.2653926855904047,0.23250121873813245,0.18701654537827536,0.0
162,0.7706095019212577,0.7223340140244029,0.6527366309977944,0.5774829134176163,0.4596141768226093,0.38473721980395786,0.3280001770335648,0.2653926855904047,0.23250121873813245,0.18701654537827536,0.0
163,0.7727124228460336,0.7240146511044269,0.6538273044110348,0.5783256010583634,0.4600590477568193,0.3866849645569713,0.3299479217865783,0.2673404303434182,0.23444896349114583,0.18896429013128876,0.0
164,0.7756395627552799,0.7278163686583522,0.6553008948495044,0.5783256010583634,0.4600590477568193,0.3866849645569713,0.3299479217865783,0.2673404303434182,0.23444896349114583,0.18896429013128876,0.0
165,0.779044127497302,0.7323647700599724,0.658283371343401,0.5791412168118674,0.4600590477568193,0.3866849645569713,0.3299479217865783,0.2673404303434182,0.23444896349114583,0.18896429013128876,0.0
166,0.7827958470285645,0.7361164895912347,0.6604270428429547,0.5791412168118674,0.4600590477568193,0.3866849645569713,0.3299479217865783,0.2673404303434182,0.23444896349114583,0.18896429013128876,0.0
167,0.7827958470285645,0.7361164895912347,0.6607802620276633,0.5791412168118674,0.4600590477568193,0.3866849645569713,0.3299479217865783,0.2673404303434182,0.23444896349114583,0.18896429013128876,0.0
168,0.7866806560593056,0.740001298621976,0.6639808291331954,0.5801936494604752,0.4600590477568193,0.3866849645569713,0.3299479217865783,0.2673404303434182,0.23444896349114583,0.18896429013128876,0.0
169,0.7880216791146561,0.7413423216773264,0.6646356823422224,0.5801936494604752,0.4600590477568193,0.3866849645569713,0.3299479217865783,0.2673404303434182,0.23444896349114583,0.18896429013128876,0.0
170,0.792047907408689,0.7453685499713593,0.6673355484603823,0.5803528253747114,0.4600590477568193,0.38719007567275016,0.3299479217865783,0.2674798159835339,0.23458834913126153,0.1896352051120972,0.0
171,0.792047907408689,0.7453685499713593,0.6673355484603823,0.5803528253747114,0.4600590477568193,0.3913007891666569,0.3299479217865783,0.2674798159835339,0.23458834913126153,0.1896352051120972,0.0
172,0.7958195237870099,0.7491401663496801,0.6685450401202925,0.5842324778040976,0.4600590477568193,0.39222048231306794,0.3299479217865783,0.2674798159835339,0.23458834913126153,0.1896352051120972,0.0
173,0.7958195237870099,0.7491401663496801,0.6704453158112018,0.5877527523487681,0.4600590477568193,0.39222048231306794,0.3299479217865783,0.2674798159835339,0.23458834913126153,0.1896352051120972,0.0
174,0.7970373192098446,0.7503579617725147,0.6723196337341634,0.5887022124875229,0.4602978197814934,0.3937491229128486,0.3314765623863589,0.26900845658331457,0.23611698973104217,0.19116384571187783,0.0
175,0.7980895047990394,0.7514101473617096,0.6755150121034766,0.5910407231511242,0.4604911309917944,0.39505409698768384,0.3327815364611942,0.2703134306581498,0.23742196380587746,0.19246881978671312,0.0
176,0.8047464697708061,0.7548305200449328,0.6779327637998849,0.5920958757234033,0.4604911309917944,0.39505409698768384,0.3327815364611942,0.2703134306581498,0.23742196380587746,0.19246881978671312,0.0
177,0.8056949461617386,0.7557789964358653,0.6788009483959513,0.5979747564662814,0.4606661433298092,0.3962468505893477,0.333974290062858,0.27150618425981365,0.2386147174075413,0.19366157338837697,0.0
178,0.8067795370019802,0.7568635872761069,0.6794165234902247,0.5987460576746709,0.46082186944392517,0.39733155909729395,0.3350589985708043,0.27259089276775994,0.23969942591548757,0.19474628189632323,0.0
179,0.814997045713408,0.7610971835887921,0.6822587058942393,0.6006617341429736,0.46082186944392517,0.39733155909729395,0.3350589985708043,0.27259089276775994,0.23969942591548757,0.19474628189632323,0.0
180,0.814997045713408,0.7678379957137803,0.6852784696917898,0.6036154732328686,0.4608666662330652,0.397376355886434,0.3351037953599443,0.2745181469323134,0.24162668008004107,0.2008887643170703,0.0
181,0.814997045713408,0.7710482093313926,0.6857333966132435,0.6040704001543222,0.4608666662330652,0.397376355886434,0.3351037953599443,0.2746223631927159,0.2417308963404435,0.20195912058211182,0.0
182,0.8167732432070656,0.7739149474993754,0.6868601722806555,0.6054013897746418,0.46125707705618585,0.39913196969983233,0.3368594091733426,0.2763779770061142,0.2434865101538419,0.2037147343955102,0.0
183,0.8211388870034988,0.7768881802937577,0.6881511056101094,0.6054013897746418,0.46125707705618585,0.39913196969983233,0.3368594091733426,0.2763779770061142,0.2434865101538419,0.2037147343955102,0.0
184,0.829918052116318,0.7814313053398503,0.691280111142206,0.6054013897746418,0.46125707705618585,0.39913196969983233,0.3368594091733426,0.2763779770061142,0.2434865101538419,0.2037147343955102,0.0
185,0.8307743483086276,0.7825458822499488,0.6929168215617146,0.6076252102904421,0.4617073260284057,0.4000872649005374,0.3378147043740477,0.27733327220681936,0.24460156620978055,0.20482979045144886,0.0
186,0.8390626949058345,0.7868411479832579,0.6968619968679421,0.6080646447585607,0.4617073260284057,0.4000872649005374,0.3378147043740477,0.27733327220681936,0.24460156620978055,0.20482979045144886,0.0
187,0.8404802621711004,0.7881287949633001,0.6979402603540097,0.6089900874479652,0.4617073260284057,0.401368725462765,0.33909616493627526,0.27861473276904697,0.24588302677200813,0.20611125101367644,0.0
188,0.8438303849441589,0.7904300810192652,0.7000874143523325,0.6089900874479652,0.4617073260284057,0.401368725462765,0.33909616493627526,0.27861473276904697,0.24588302677200813,0.20611125101367644,0.0
189,0.8512773876927502,0.7942968324540112,0.7025869303432323,0.6089900874479652,0.4617073260284057,0.401368725462765,0.33909616493627526,0.27861473276904697,0.24588302677200813,0.20611125101367644,0.0
190,0.853012987929368,0.7968104715846924,0.706364926904721,0.6100752716167102,0.46229229657279397,0.4028981301930877,0.34062556966659796,0.2801441374993697,0.24741243150233092,0.2076406557439992,0.0
191,0.8553305652644071,0.8001434502684992,0.7076946860968151,0.6112262315460656,0.46229229657279397,0.404310533290665,0.3420379727641753,0.28155654059694707,0.24882483459990826,0.20905305884157654,0.0
192,0.8566550321547204,0.8025388383947151,0.7086215446328072,0.6121176389154142,0.46229229657279397,0.40504782694227687,0.34277526641578715,0.2822938342485588,0.24956212825152002,0.2097903524931883,0.0
193,0.8607911634008015,0.8072555232983124,0.7086215446328072,0.6121176389154142,0.46229229657279397,0.40504782694227687,0.34277526641578715,0.2822938342485588,0.24956212825152002,0.2097903524931883,0.0
194,0.8610274660619047,0.8079205579511749,0.7086215446328072,0.6121176389154142,0.46229229657279397,0.40504782694227687,0.34277526641578715,0.2822938342485588,0.24956212825152002,0.2097903524931883,0.0
195,0.862603020368655,0.8107288545697519,0.7086215446328072,0.6121176389154142,0.46229229657279397,0.40504782694227687,0.34277526641578715,0.2822938342485588,0.24956212825152002,0.2097903524931883,0.0
196,0.8628522120796641,0.81268929270528,0.7109096213778806,0.6121176389154142,0.46229229657279397,0.40504782694227687,0.34277526641578715,0.2822938342485588,0.24956212825152002,0.2097903524931883,0.0
197,0.8684071796789317,0.8187106565932464,0.7114308413309607,0.6121176389154142,0.46229229657279397,0.40504782694227687,0.34277526641578715,0.2822938342485588,0.24956212825152002,0.2097903524931883,0.0
198,0.8684071796789317,0.8187106565932464,0.7114308413309607,0.6121176389154142,0.46229229657279397,0.40504782694227687,0.34277526641578715,0.2822938342485588,0.24956212825152002,0.2097903524931883,0.0
199,0.873349295021451,0.8216123389847114,0.7114308413309607,0.6121176389154142,0.46229229657279397,0.40504782694227687,0.34277526641578715,0.2822938342485588,0.24956212825152002,0.2097903524931883,0.0
200,0.8742477208691242,0.8225107648323846,0.7114308413309607,0.6121176389154142,0.46229229657279397,0.40504782694227687,0.34277526641578715,0.2822938342485588,0.24956212825152002,0.2097903524931883,0.0
201,0.8827941195005367,0.8267283249182648,0.7114308413309607,0.6121176389154142,0.46229229657279397,0.40504782694227687,0.34277526641578715,0.2822938342485588,0.24956212825152002,0.2097903524931883,0.0
202,0.8827941195005367,0.8267283249182648,0.7114308413309607,0.6121176389154142,0.46229229657279397,0.40504782694227687,0.34277526641578715,0.2822938342485588,0.24956212825152002,0.2097903524931883,0.0
203,0.8858142940896869,0.830583990607881,0.7114308413309607,0.6121176389154142,0.46229229657279397,0.40504782694227687,0.34277526641578715,0.2822938342485588,0.24956212825152002,0.2097903524931883,0.0
204,0.8918193160191814,0.8333799424161289,0.7114308413309607,0.6121176389154142,0.46391234895527317,0.406667879324756,0.34277526641578715,0.2822938342485588,0.24956212825152002,0.2097903524931883,0.0
205,0.8921311613043845,0.8372943771137793,0.7114308413309607,0.6121176389154142,0.46391234895527317,0.406667879324756,0.34277526641578715,0.2822938342485588,0.24956212825152002,0.2097903524931883,0.0
206,0.8933178747128463,0.8389559980021324,0.7114308413309607,0.6121176389154142,0.46391234895527317,0.406667879324756,0.34277526641578715,0.2822938342485588,0.24956212825152002,0.2097903524931883,0.0
207,0.8933178747128463,0.8389559980021324,0.7114308413309607,0.6121176389154142,0.46391234895527317,0.406667879324756,0.34277526641578715,0.2822938342485588,0.24956212825152002,0.2097903524931883,0.0
208,0.8933178747128463,0.8391168368418581,0.7130545339292985,0.6121176389154142,0.46918322141948804,0.406667879324756,0.34277526641578715,0.2822938342485588,0.24956212825152002,0.2097903524931883,0.0
209,0.8954362211383166,0.8409371724713616,0.7130545339292985,0.6121176389154142,0.46918322141948804,0.406667879324756,0.34277526641578715,0.2822938342485588,0.24956212825152002,0.2097903524931883,0.0
210,0.9007106748418555,0.844012835638723,0.7130545339292985,0.6121176389154142,0.4782775076789732,0.406667879324756,0.34277526641578715,0.2822938342485588,0.24956212825152002,0.2097903524931883,0.0
211,0.9016330555656294,0.8443033782724427,0.7130545339292985,0.6121176389154142,0.48629305111192495,0.406667879324756,0.34277526641578715,0.2822938342485588,0.24956212825152002,0.2097903524931883,0.0
212,0.9020033208151514,0.8446087079003254,0.7133287875280134,0.6121176389154142,0.48629305111192495,0.406667879324756,0.34277526641578715,0.2822938342485588,0.24956212825152002,0.2097903524931883,0.0
213,0.9020033208151514,0.8446087079003254,0.7135319553390571,0.6121176389154142,0.48629305111192495,0.406667879324756,0.34277526641578715,0.2822938342485588,0.24956212825152002,0.2097903524931883,0.0
214,0.9020033208151514,0.8446087079003254,0.7135319553390571,0.6121176389154142,0.48629305111192495,0.406667879324756,0.34277526641578715,0.2822938342485588,0.24956212825152002,0.2097903524931883,0.0
215,0.9029139917122305,0.8446087079003254,0.7135319553390571,0.6121176389154142,0.48629305111192495,0.406667879324756,0.34277526641578715,0.2822938342485588,0.24956212825152002,0.2097903524931883,0.0
216,0.9034141620981656,0.8446087079003254,0.7135319553390571,0.6121176389154142,0.48629305111192495,0.406667879324756,0.34277526641578715,0.2822938342485588,0.24956212825152002,0.2097903524931883,0.0
217,0.9034141620981656,0.8446087079003254,0.7135319553390571,0.6121176389154142,0.48629305111192495,0.406667879324756,0.34277526641578715,0.2822938342485588,0.24956212825152002,0.2097903524931883,0.0
218,0.9034141620981656,0.8446087079003254,0.7135319553390571,0.6121176389154142,0.48629305111192495,0.406667879324756,0.34277526641578715,0.2822938342485588,0.24956212825152002,0.2097903524931883,0.0
219,0.9034141620981656,0.8446087079003254,0.7135319553390571,0.6121176389154142,0.48629305111192495,0.406667879324756,0.34277526641578715,0.2822938342485588,0.24956212825152002,0.2097903524931883,0.0
220,0.9078120789197025,0.8459818033599094,0.7135319553390571,0.6121176389154142,0.48629305111192495,0.406667879324756,0.34277526641578715,0.2822938342485588,0.24956212825152002,0.2097903524931883,0.0
221,0.9130879860754639,0.8486945505831778,0.7135319553390571,0.6121176389154142,0.48629305111192495,0.406667879324756,0.34277526641578715,0.2822938342485588,0.24956212825152002,0.2097903524931883,0.0
222,0.9163013841434241,0.8515530225954503,0.7135319553390571,0.6121176389154142,0.48629305111192495,0.406667879324756,0.34277526641578715,0.2822938342485588,0.24956212825152002,0.2097903524931883,0.0
223,0.9177574276934455,0.8533017431753197,0.7135319553390571,0.6121176389154142,0.48629305111192495,0.406667879324756,0.34277526641578715,0.2822938342485588,0.24956212825152002,0.2097903524931883,0.0
224,0.919606587052242,0.8563794985638072,0.7135319553390571,0.6121176389154142,0.48629305111192495,0.406667879324756,0.34277526641578715,0.2822938342485588,0.24956212825152002,0.2097903524931883,0.0
225,0.9216017894735025,0.8576431175729148,0.7135319553390571,0.6121176389154142,0.49481948484327376,0.406667879324756,0.34277526641578715,0.2822938342485588,0.24956212825152002,0.2097903524931883,0.0
226,0.9224576805409043,0.8580263694604962,0.7135319553390571,0.6121176389154142,0.49481948484327376,0.406667879324756,0.34277526641578715,0.2822938342485588,0.24956212825152002,0.2097903524931883,0.0
227,0.9224576805409043,0.8580263694604962,0.7135319553390571,0.6121176389154142,0.49481948484327376,0.406667879324756,0.34277526641578715,0.2822938342485588,0.24956212825152002,0.2097903524931883,0.0
228,0.9262718372992125,0.8604731452702713,0.7135319553390571,0.6121176389154142,0.49481948484327376,0.406667879324756,0.34277526641578715,0.2822938342485588,0.24956212825152002,0.2097903524931883,0.0
229,0.9262718372992125,0.8604731452702713,0.7135319553390571,0.6121176389154142,0.49481948484327376,0.406667879324756,0.34277526641578715,0.2822938342485588,0.24956212825152002,0.2097903524931883,0.0
230,0.9274812839738057,0.8650173812099962,0.7135319553390571,0.6121176389154142,0.49481948484327376,0.406667879324756,0.34277526641578715,0.2822938342485588,0.24956212825152002,0.2097903524931883,0.0
231,0.9320442922750954,0.8682264513312432,0.7135319553390571,0.6121176389154142,0.49481948484327376,0.406667879324756,0.34277526641578715,0.2822938342485588,0.24956212825152002,0.2097903524931883,0.0
232,0.9367991569300673,0.8682264513312432,0.7135319553390571,0.6121176389154142,0.49481948484327376,0.406667879324756,0.34277526641578715,0.2822938342485588,0.24956212825152002,0.2097903524931883,0.0
233,0.9370232042811041,0.8682264513312432,0.7135319553390571,0.6121176389154142,0.49481948484327376,0.406667879324756,0.34277526641578715,0.2822938342485588,0.24956212825152002,0.2097903524931883,0.0
234,0.9370232042811041,0.8682264513312432,0.7135319553390571,0.6121176389154142,0.49481948484327376,0.406667879324756,0.34277526641578715,0.2822938342485588,0.24956212825152002,0.2097903524931883,0.0
235,0.9378761260963181,0.8682264513312432,0.7135319553390571,0.6121176389154142,0.49481948484327376,0.406667879324756,0.34277526641578715,0.2822938342485588,0.24956212825152002,0.2097903524931883,0.0
236,0.938914713916841,0.8688570434622013,0.7135319553390571,0.6121176389154142,0.49481948484327376,0.406667879324756,0.34277526641578715,0.2822938342485588,0.24956212825152002,0.2097903524931883,0.0
237,0.9430330347418724,0.8724738234587944,0.7135319553390571,0.6121176389154142,0.49481948484327376,0.406667879324756,0.34277526641578715,0.2822938342485588,0.24956212825152002,0.2097903524931883,0.0
238,0.9430330347418724,0.8733631505831307,0.7135319553390571,0.6121176389154142,0.49481948484327376,0.406667879324756,0.34277526641578715,0.2822938342485588,0.24956212825152002,0.2097903524931883,0.0
239,0.9430330347418724,0.8733631505831307,0.7135319553390571,0.6121176389154142,0.49481948484327376,0.406667879324756,0.34277526641578715,0.2822938342485588,0.24956212825152002,0.2097903524931883,0.0
240,0.9430330347418724,0.8733631505831307,0.7135319553390571,0.6121176389154142,0.49481948484327376,0.406667879324756,0.34277526641578715,0.2822938342485588,0.24956212825152002,0.2097903524931883,0.0
241,0.9430330347418724,0.8733631505831307,0.7135319553390571,0.6121176389154142,0.49481948484327376,0.406667879324756,0.34277526641578715,0.2822938342485588,0.24956212825152002,0.2097903524931883,0.0
242,0.9430330347418724,0.8733631505831307,0.7135319553390571,0.6121176389154142,0.49481948484327376,0.406667879324756,0.34277526641578715,0.2822938342485588,0.24956212825152002,0.2097903524931883,0.0
243,0.9445458622755193,0.8733631505831307,0.7135319553390571,0.6121176389154142,0.49481948484327376,0.406667879324756,0.34277526641578715,0.2822938342485588,0.24956212825152002,0.2097903524931883,0.0
244,0.950343522086748,0.8733631505831307,0.7135319553390571,0.6121176389154142,0.49481948484327376,0.406667879324756,0.34277526641578715,0.2822938342485588,0.24956212825152002,0.2097903524931883,0.0
245,0.954033655849422,0.8733631505831307,0.7135319553390571,0.6121176389154142,0.49481948484327376,0.406667879324756,0.34277526641578715,0.2822938342485588,0.24956212825152002,0.2097903524931883,0.0
246,0.9565305284226365,0.8733631505831307,0.7135319553390571,0.6121176389154142,0.49481948484327376,0.406667879324756,0.34277526641578715,0.2822938342485588,0.24956212825152002,0.2097903524931883,0.0
247,0.9565305284226365,0.8733631505831307,0.7135319553390571,0.6121176389154142,0.49481948484327376,0.406667879324756,0.34277526641578715,0.2822938342485588,0.24956212825152002,0.2097903524931883,0.0
248,0.9565305284226365,0.8733631505831307,0.7135319553390571,0.6121176389154142,0.49481948484327376,0.406667879324756,0.34277526641578715,0.2822938342485588,0.24956212825152002,0.2097903524931883,0.0
249,0.9565305284226365,0.8783139489227841,0.7135319553390571,0.6121176389154142,0.49481948484327376,0.406667879324756,0.34277526641578715,0.2822938342485588,0.24956212825152002,0.2097903524931883,0.0
250,0.9602745706781156,0.8794589712393703,0.7135319553390571,0.6121176389154142,0.49481948484327376,0.406667879324756,0.34277526641578715,0.2822938342485588,0.24956212825152002,0.2097903524931883,0.0
251,0.9646472405787172,0.8794589712393703,0.7135319553390571,0.6121176389154142,0.49481948484327376,0.406667879324756,0.34277526641578715,0.2822938342485588,0.24956212825152002,0.2097903524931883,0.0
252,0.969173921519307,0.8794589712393703,0.7135319553390571,0.6121176389154142,0.49481948484327376,0.406667879324756,0.34277526641578715,0.2822938342485588,0.24956212825152002,0.2097903524931883,0.0
253,0.969173921519307,0.8797406860719836,0.7135319553390571,0.6121176389154142,0.49481948484327376,0.406667879324756,0.34277526641578715,0.2822938342485588,0.24956212825152002,0.2097903524931883,0.0
254,0.972958508531499,0.8840607294604903,0.7135319553390571,0.6121176389154142,0.49481948484327376,0.406667879324756,0.34277526641578715,0.2822938342485588,0.24956212825152002,0.2097903524931883,0.0
255,0.9750563027233086,0.8868263178237112,0.7135319553390571,0.6121176389154142,0.49481948484327376,0.406667879324756,0.34277526641578715,0.2822938342485588,0.24956212825152002,0.2097903524931883,0.0
256,0.9799780548501649,0.8878742290019652,0.7135319553390571,0.6121176389154142,0.49481948484327376,0.406667879324756,0.34277526641578715,0.2822938342485588,0.24956212825152002,0.2097903524931883,0.0
257,0.9799780548501649,0.8896983421212276,0.7135319553390571,0.6121176389154142,0.49481948484327376,0.406667879324756,0.34277526641578715,0.2822938342485588,0.24956212825152002,0.2097903524931883,0.0
258,0.9817077098548005,0.8913306320219333,0.7135319553390571,0.6121176389154142,0.49481948484327376,0.406667879324756,0.34277526641578715,0.2822938342485588,0.24956212825152002,0.2097903524931883,0.0
259,0.9817077098548005,0.893045700256421,0.7135319553390571,0.6121176389154142,0.49481948484327376,0.406667879324756,0.34277526641578715,0.2822938342485588,0.24956212825152002,0.2097903524931883,0.0
260,0.9817077098548005,0.8958115418996765,0.7135319553390571,0.6121176389154142,0.49481948484327376,0.406667879324756,0.34277526641578715,0.2822938342485588,0.24956212825152002,0.2097903524931883,0.0
261,0.9817077098548005,0.9029185937235812,0.7135319553390571,0.6121176389154142,0.49481948484327376,0.406667879324756,0.34277526641578715,0.2822938342485588,0.24956212825152002,0.2097903524931883,0.0
262,0.9817077098548005,0.9088615750685473,0.7135319553390571,0.6121176389154142,0.49481948484327376,0.406667879324756,0.34277526641578715,0.2822938342485588,0.24956212825152002,0.2097903524931883,0.0
263,0.9817077098548005,0.9088615750685473,0.7135319553390571,0.6121176389154142,0.49481948484327376,0.406667879324756,0.34277526641578715,0.2822938342485588,0.24956212825152002,0.2097903524931883,0.0
264,0.9817077098548005,0.9088615750685473,0.7135319553390571,0.6121176389154142,0.49481948484327376,0.406667879324756,0.34277526641578715,0.2822938342485588,0.24956212825152002,0.2097903524931883,0.0
265,0.9817077098548005,0.9088615750685473,0.7135319553390571,0.6121176389154142,0.49481948484327376,0.406667879324756,0.34277526641578715,0.2822938342485588,0.24956212825152002,0.2097903524931883,0.0
266,0.9819337436244358,0.9088615750685473,0.7135319553390571,0.6121176389154142,0.49481948484327376,0.406667879324756,0.34277526641578715,0.2822938342485588,0.24956212825152002,0.2097903524931883,0.0
267,0.9860508378027627,0.9088615750685473,0.7135319553390571,0.6121176389154142,0.49481948484327376,0.406667879324756,0.34277526641578715,0.2822938342485588,0.24956212825152002,0.2097903524931883,0.0
268,0.9879294471374366,0.9088615750685473,0.7135319553390571,0.6121176389154142,0.49481948484327376,0.406667879324756,0.34277526641578715,0.2822938342485588,0.24956212825152002,0.2097903524931883,0.0
269,0.9879294471374366,0.9088615750685473,0.7135319553390571,0.6121176389154142,0.49481948484327376,0.406667879324756,0.34277526641578715,0.2822938342485588,0.24956212825152002,0.2097903524931883,0.0
270,0.9879294471374366,0.9088615750685473,0.7135319553390571,0.6121176389154142,0.49481948484327376,0.406667879324756,0.34277526641578715,0.2822938342485588,0.24956212825152002,0.2097903524931883,0.0
271,0.9879294471374366,0.9088615750685473,0.7135319553390571,0.6121176389154142,0.49481948484327376,0.406667879324756,0.34277526641578715,0.2822938342485588,0.24956212825152002,0.2097903524931883,0.0
272,0.9889847012882489,0.9088615750685473,0.7135319553390571,0.6121176389154142,0.49481948484327376,0.406667879324756,0.34277526641578715,0.2822938342485588,0.24956212825152002,0.2097903524931883,0.0
273,0.9908715199786088,0.9088615750685473,0.7135319553390571,0.6121176389154142,0.49481948484327376,0.406667879324756,0.34277526641578715,0.2822938342485588,0.24956212825152002,0.2097903524931883,0.0
274,0.9908715199786088,0.9088615750685473,0.7135319553390571,0.6121176389154142,0.49481948484327376,0.406667879324756,0.34277526641578715,0.2822938342485588,0.24956212825152002,0.2097903524931883,0.0
275,0.9908715199786088,0.9088615750685473,0.7135319553390571,0.6121176389154142,0.49481948484327376,0.406667879324756,0.34277526641578715,0.2822938342485588,0.24956212825152002,0.2097903524931883,0.0
276,0.9927355627195192,0.9088615750685473,0.7135319553390571,0.6121176389154142,0.49481948484327376,0.406667879324756,0.34277526641578715,0.2822938342485588,0.24956212825152002,0.2097903524931883,0.0
277,0.9927355627195192,0.9088615750685473,0.7135319553390571,0.6121176389154142,0.49481948484327376,0.406667879324756,0.34277526641578715,0.2822938342485588,0.24956212825152002,0.2097903524931883,0.0
278,0.9929098852513218,0.9088615750685473,0.7135319553390571,0.6121176389154142,0.49481948484327376,0.406667879324756,0.34277526641578715,0.2822938342485588,0.24956212825152002,0.2097903524931883,0.0
279,0.9930516657170184,0.9088615750685473,0.7135319553390571,0.6121176389154142,0.49481948484327376,0.406667879324756,0.34277526641578715,0.2822938342485588,0.24956212825152002,0.2097903524931883,0.0
280,0.9930516657170184,0.9088615750685473,0.7135319553390571,0.6121176389154142,0.49481948484327376,0.406667879324756,0.34277526641578715,0.2822938342485588,0.24956212825152002,0.2097903524931883,0.0
281,0.9930516657170184,0.9088615750685473,0.7135319553390571,0.6121176389154142,0.49481948484327376,0.406667879324756,0.34277526641578715,0.2822938342485588,0.24956212825152002,0.2097903524931883,0.0
282,0.9930516657170184,0.9088615750685473,0.7135319553390571,0.6121176389154142,0.49481948484327376,0.406667879324756,0.34277526641578715,0.2822938342485588,0.24956212825152002,0.2097903524931883,0.0
283,0.9930516657170184,0.9088615750685473,0.7135319553390571,0.6121176389154142,0.49481948484327376,0.406667879324756,0.34277526641578715,0.2822938342485588,0.24956212825152002,0.2097903524931883,0.0
284,0.9930516657170184,0.9088615750685473,0.7135319553390571,0.6121176389154142,0.49481948484327376,0.406667879324756,0.34277526641578715,0.2822938342485588,0.24956212825152002,0.2097903524931883,0.0
285,0.9930516657170184,0.9088615750685473,0.7135319553390571,0.6121176389154142,0.49481948484327376,0.406667879324756,0.34277526641578715,0.2822938342485588,0.24956212825152002,0.2097903524931883,0.0
286,0.9930516657170184,0.9088615750685473,0.7135319553390571,0.6121176389154142,0.49481948484327376,0.406667879324756,0.34277526641578715,0.2822938342485588,0.24956212825152002,0.2097903524931883,0.0
287,0.9930681878376164,0.9088780971891453,0.7135484774596551,0.6121176389154142,0.49481948484327376,0.406667879324756,0.34277526641578715,0.2822938342485588,0.24956212825152002,0.2097903524931883,0.0
288,0.9931197023391836,0.9089032520862887,0.7136188637838091,0.6122962371733407,0.49481948484327376,0.406667879324756,0.34277526641578715,0.2822938342485588,0.24956212825152002,0.2097903524931883,0.0
289,0.9950915309328664,0.9089032520862887,0.7136188637838091,0.6122962371733407,0.49481948484327376,0.406667879324756,0.34277526641578715,0.2822938342485588,0.24956212825152002,0.2097903524931883,0.0
290,0.9951351246241831,0.9089445640266194,0.7136756100705098,0.6124570664231935,0.49481948484327376,0.406667879324756,0.34277526641578715,0.2822938342485588,0.24956212825152002,0.2097903524931883,0.0
291,0.9951351246241831,0.9089445640266194,0.7136756100705098,0.6124570664231935,0.49481948484327376,0.406667879324756,0.34277526641578715,0.2822938342485588,0.24956212825152002,0.2097903524931883,0.0
292,0.9951351246241831,0.9089582840718603,0.7137414795982684,0.6124570664231935,0.49481948484327376,0.406667879324756,0.34277526641578715,0.2822938342485588,0.24956212825152002,0.2097903524931883,0.0
293,0.9951351246241831,0.9089582840718603,0.7137414795982684,0.6124570664231935,0.49481948484327376,0.406667879324756,0.34277526641578715,0.2822938342485588,0.24956212825152002,0.2097903524931883,0.0
294,0.9952962623279518,0.9091666306437669,0.7139498261701749,0.6129581442468705,0.49481948484327376,0.406667879324756,0.34277526641578715,0.2822938342485588,0.24956212825152002,0.2097903524931883,0.0
295,0.9958187520955121,0.9091666306437669,0.7139498261701749,0.6129581442468705,0.49481948484327376,0.406667879324756,0.34277526641578715,0.2822938342485588,0.24956212825152002,0.2097903524931883,0.0
296,0.996590827121672,0.9091666306437669,0.7139498261701749,0.6129581442468705,0.49481948484327376,0.406667879324756,0.34277526641578715,0.2822938342485588,0.24956212825152002,0.2097903524931883,0.0
297,0.9973013452588836,0.9100671569067164,0.7148503524331243,0.6138491540000708,0.4950896697348207,0.406938064216303,0.34304545130733416,0.2825640191401053,0.24983231314306653,0.21006053738473482,0.0
298,0.9973043573603155,0.9100701690081482,0.7148503524331243,0.6138491540000708,0.4950896697348207,0.406938064216303,0.34304545130733416,0.2825640191401053,0.24983231314306653,0.21006053738473482,0.0
299,0.9987407462900766,0.9100701690081482,0.7148503524331243,0.6138491540000708,0.4950896697348207,0.406938064216303,0.34304545130733416,0.2825640191401053,0.24983231314306653,0.21006053738473482,0.0
300,1.0,0.9100701690081482,0.7148503524331243,0.6138491540000708,0.4950896697348207,0.406938064216303,0.34304545130733416,0.2825640191401053,0.24983231314306653,0.21006053738473482,0.0
